{"fmm_order": [6, 8, 10, 12, 14, 16, 18], "compressed_fft": [0.0005514393737872194, 0.00021767090891980815, 4.446608081373917e-05, 3.016280124448044e-06]}